{
    "accuracy_per_object": {
        "bottle": {
            "normal": 1.0,
            "anomaly": 0.8734126984126984,
            "defect": 0.8591452991452991
        },
        "cable": {
            "normal": 1.0,
            "anomaly": 0.7714703557312254,
            "defect": 0.8660755519116557
        },
        "capsule": {
            "normal": 1.0,
            "anomaly": 0.8172248803827751,
            "defect": 0.8745524745524745
        },
        "carpet": {
            "normal": 1.0,
            "anomaly": 0.7467492260061921,
            "defect": 0.8433333333333334
        },
        "grid": {
            "normal": 1.0,
            "anomaly": 0.5733679653679654,
            "defect": 0.7748015873015873
        },
        "hazelnut": {
            "normal": 1.0,
            "anomaly": 0.864624183006536,
            "defect": 0.9319142073859055
        },
        "leather": {
            "normal": 1.0,
            "anomaly": 0.8704915441757548,
            "defect": 0.9193265993265992
        },
        "metal_nut": {
            "normal": 1.0,
            "anomaly": 0.9636363636363636,
            "defect": 0.928198757763975
        },
        "pill": {
            "normal": 1.0,
            "anomaly": 0.8212199261182326,
            "defect": 0.8546939488449785
        },
        "screw": {
            "normal": 0.902439024390244,
            "anomaly": 0.9006666666666667,
            "defect": 0.8854274239816406
        },
        "tile": {
            "normal": 1.0,
            "anomaly": 0.8344696969696969,
            "defect": 0.9530165912518853
        },
        "transistor": {
            "normal": 1.0,
            "anomaly": 0.78,
            "defect": 0.8800000000000001
        },
        "wood": {
            "normal": 1.0,
            "anomaly": 0.8447619047619048,
            "defect": 0.9108907352809792
        },
        "zipper": {
            "normal": 1.0,
            "anomaly": 0.81644151466571,
            "defect": 0.8616657793552204
        }
    },
    "std_per_object": {
        "bottle": {
            "normal": 0.0,
            "anomaly": 0.10592636860401504,
            "defect": 0.08358677218426601
        },
        "cable": {
            "normal": 0.0,
            "anomaly": 0.13575075055061414,
            "defect": 0.01856506910766545
        },
        "capsule": {
            "normal": 0.0,
            "anomaly": 0.09282296650717706,
            "defect": 0.03467883467883466
        },
        "carpet": {
            "normal": 0.0,
            "anomaly": 0.1361299992747622,
            "defect": 0.03922144815614092
        },
        "grid": {
            "normal": 0.0,
            "anomaly": 0.2538841224942083,
            "defect": 0.13886018694361105
        },
        "hazelnut": {
            "normal": 0.0,
            "anomaly": 0.06384718980864203,
            "defect": 0.04539045456336981
        },
        "leather": {
            "normal": 0.0,
            "anomaly": 0.05432450272029493,
            "defect": 0.042587788020360534
        },
        "metal_nut": {
            "normal": 0.0,
            "anomaly": 0.04453617714151235,
            "defect": 0.034688426171091004
        },
        "pill": {
            "normal": 0.0,
            "anomaly": 0.11160449820334437,
            "defect": 0.0926041258509374
        },
        "screw": {
            "normal": 1.1102230246251565e-16,
            "anomaly": 0.056731335648338516,
            "defect": 0.037384742853806774
        },
        "tile": {
            "normal": 0.0,
            "anomaly": 0.1328870803535288,
            "defect": 0.0266755204619037
        },
        "transistor": {
            "normal": 0.0,
            "anomaly": 0.1469693845669907,
            "defect": 0.09333333333333331
        },
        "wood": {
            "normal": 0.0,
            "anomaly": 0.09261139642775787,
            "defect": 0.03554829992477058
        },
        "zipper": {
            "normal": 0.0,
            "anomaly": 0.12522215300754583,
            "defect": 0.09990721320462712
        }
    },
    "overall_accuracy": {
        "normal": 0.9930313588850174,
        "anomaly": 0.8198954947072659,
        "defect": 0.8816458778168238
    },
    "overall_std": {
        "normal": 7.93016446160826e-18,
        "anomaly": 0.11094628037919517,
        "defect": 0.058788015389622736
    }
}