{
    "bottle": {
        "accuracy": 0.7951807228915663,
        "macro_f1": 0.7975660097158247,
        "micro_f1": 0.7951807228915663,
        "cohen_kappa": 0.7278163580246915,
        "confusion_matrix": [
            [
                20,
                0,
                0,
                0
            ],
            [
                0,
                12,
                0,
                10
            ],
            [
                1,
                1,
                16,
                3
            ],
            [
                0,
                1,
                1,
                18
            ]
        ]
    },
    "cable": {
        "accuracy": 0.8187919463087249,
        "macro_f1": 0.7197917704109112,
        "micro_f1": 0.8187919463087249,
        "cohen_kappa": 0.7710822806418572,
        "confusion_matrix": [
            [
                12,
                0,
                0,
                0,
                0,
                0,
                0,
                0,
                0
            ],
            [
                0,
                4,
                1,
                3,
                0,
                0,
                1,
                0,
                1
            ],
            [
                0,
                0,
                8,
                2,
                0,
                0,
                0,
                0,
                0
            ],
            [
                0,
                0,
                0,
                57,
                0,
                0,
                0,
                0,
                0
            ],
            [
                1,
                0,
                0,
                0,
                10,
                0,
                0,
                1,
                0
            ],
            [
                0,
                0,
                0,
                0,
                0,
                11,
                0,
                0,
                3
            ],
            [
                4,
                1,
                0,
                0,
                1,
                1,
                2,
                0,
                2
            ],
            [
                2,
                0,
                0,
                1,
                0,
                2,
                0,
                5,
                0
            ],
            [
                0,
                0,
                0,
                0,
                0,
                0,
                0,
                0,
                13
            ]
        ]
    },
    "capsule": {
        "accuracy": 0.7803030303030303,
        "macro_f1": 0.7740263635000476,
        "micro_f1": 0.7803030303030303,
        "cohen_kappa": 0.7360728075013789,
        "confusion_matrix": [
            [
                14,
                0,
                1,
                7,
                1,
                0
            ],
            [
                0,
                23,
                0,
                0,
                0,
                0
            ],
            [
                1,
                3,
                18,
                1,
                0,
                0
            ],
            [
                7,
                1,
                2,
                9,
                2,
                0
            ],
            [
                0,
                2,
                1,
                0,
                19,
                0
            ],
            [
                0,
                0,
                0,
                0,
                0,
                20
            ]
        ]
    },
    "carpet": {
        "accuracy": 0.7435897435897436,
        "macro_f1": 0.7331672163867736,
        "micro_f1": 0.7435897435897436,
        "cohen_kappa": 0.6868028910502364,
        "confusion_matrix": [
            [
                9,
                0,
                0,
                1,
                0,
                7
            ],
            [
                1,
                18,
                0,
                0,
                0,
                0
            ],
            [
                0,
                0,
                11,
                0,
                4,
                2
            ],
            [
                0,
                1,
                0,
                11,
                0,
                5
            ],
            [
                0,
                0,
                0,
                0,
                28,
                0
            ],
            [
                4,
                0,
                0,
                0,
                5,
                10
            ]
        ]
    },
    "grid": {
        "accuracy": 0.7051282051282052,
        "macro_f1": 0.6350878005059932,
        "micro_f1": 0.7051282051282052,
        "cohen_kappa": 0.640408899579074,
        "confusion_matrix": [
            [
                9,
                0,
                1,
                0,
                2,
                0
            ],
            [
                3,
                3,
                1,
                0,
                5,
                0
            ],
            [
                0,
                2,
                8,
                0,
                1,
                0
            ],
            [
                0,
                0,
                0,
                21,
                0,
                0
            ],
            [
                0,
                0,
                0,
                0,
                11,
                0
            ],
            [
                0,
                0,
                6,
                1,
                1,
                3
            ]
        ]
    },
    "hazelnut": {
        "accuracy": 0.8909090909090909,
        "macro_f1": 0.8776701835525366,
        "micro_f1": 0.8909090909090909,
        "cohen_kappa": 0.8558794628234524,
        "confusion_matrix": [
            [
                13,
                1,
                0,
                0,
                3
            ],
            [
                0,
                15,
                0,
                3,
                0
            ],
            [
                0,
                0,
                16,
                0,
                1
            ],
            [
                0,
                3,
                0,
                14,
                1
            ],
            [
                0,
                0,
                0,
                0,
                40
            ]
        ]
    },
    "leather": {
        "accuracy": 0.8790322580645161,
        "macro_f1": 0.8627836579871465,
        "micro_f1": 0.8790322580645161,
        "cohen_kappa": 0.8530109056424846,