{
    "bottle": {
        "accuracy": 0.8674698795180723,
        "macro_f1": 0.8651987353206866,
        "micro_f1": 0.8674698795180723,
        "cohen_kappa": 0.8219578783151327,
        "confusion_matrix": [
            [
                14,
                4,
                0,
                0
            ],
            [
                1,
                23,
                0,
                0
            ],
            [
                0,
                0,
                20,
                0
            ],
            [
                2,
                3,
                1,
                15
            ]
        ]
    },
    "cable": {
        "accuracy": 0.8633093525179856,
        "macro_f1": 0.7790141024650225,
        "micro_f1": 0.8633093525179856,
        "cohen_kappa": 0.8202790064647839,
        "confusion_matrix": [
            [
                8,
                2,
                0,
                0,
                0,
                0,
                0,
                0
            ],
            [
                0,
                58,
                0,
                0,
                0,
                0,
                0,
                0
            ],
            [
                0,
                0,
                12,
                0,
                0,
                0,
                0,
                0
            ],
            [
                0,
                0,
                0,
                13,
                0,
                1,
                0,
                0
            ],
            [
                0,
                0,
                0,
                1,
                9,
                1,
                0,
                1
            ],
            [
                0,
                0,
                0,
                0,
                0,
                13,
                0,
                0
            ],
            [
                2,
                3,
                0,
                1,
                0,
                0,
                4,
                0
            ],
            [
                0,
                1,
                3,
                2,
                0,
                1,
                0,
                3
            ]
        ]
    },
    "capsule": {
        "accuracy": 0.7983193277310925,
        "macro_f1": 0.801577153132887,
        "micro_f1": 0.7983193277310925,
        "cohen_kappa": 0.7477922995407983,
        "confusion_matrix": [
            [
                22,
                1,
                0,
                11,
                1
            ],
            [
                0,
                23,
                0,
                0,
                0
            ],
            [
                1,
                0,
                19,
                0,
                0
            ],
            [
                0,
                6,
                1,
                12,
                0
            ],
            [
                0,
                2,
                0,
                1,
                19
            ]
        ]
    },
    "carpet": {
        "accuracy": 0.8290598290598291,
        "macro_f1": 0.8241437309056302,
        "micro_f1": 0.8290598290598291,
        "cohen_kappa": 0.7818791946308725,
        "confusion_matrix": [
            [
                12,
                4,
                1,
                0,
                0
            ],
            [
                0,
                28,
                0,
                0,
                0
            ],
            [
                0,
                5,
                12,
                2,
                0
            ],
            [
                0,
                1,
                6,
                26,
                1
            ],
            [
                0,
                0,
                0,
                0,
                19
            ]
        ]
    },
    "grid": {
        "accuracy": 0.6666666666666666,
        "macro_f1": 0.5750866010048047,
        "micro_f1": 0.6666666666666666,
        "cohen_kappa": 0.592443729903537,
        "confusion_matrix": [
            [
                2,
                1,
                0,
                3,
                0,
                4
            ],
            [
                1,
                8,
                0,
                0,
                0,
                2
            ],
            [
                0,
                7,
                2,
                0,
                1,
                1
            ],
            [
                0,
                2,
                0,
                8,
                0,
                4
            ],
            [
                0,
                0,
                0,
                0,
                21,
                0
            ],
            [
                0,
                0,
                0,
                0,
                0,
                11
            ]
        ]
    },
    "hazelnut": {
        "accuracy": 0.9181818181818182,
        "macro_f1": 0.9123145954788956,
        "micro_f1": 0.9181818181818182,
        "cohen_kappa": 0.8918859888609807,
        "confusion_matrix": [
            [
                16,
                0,
                1,
                0,
                0
            ],
            [
                0,
                15,
                0,
                4,
                0
            ],
            [
                0,
                0,
                40,
                0,
                0
            ],
            [
                0,
                0,
                1,
                17,
                0
            ],
            [
                0,
                0,
                3,
                0,
                13
            ]
        ]
    },
    "leather": {
        "accuracy": 0.8629032258064516,
        "macro_f1": 0.8477846200019569,
        "micro_f1": 0.8629032258064516,
        "cohen_kappa": 0.8333465096055024,
        "confusion_matrix": [
            [
                15,
                0,
                0,
                0,
                1,
                1
            ],
            [
                1,
                12,
                1,
                5,
                0,
                0
            ],
            [
                0,
                0,
                32,
                0,
                0,
                0
            ],
            [
                0,
                0,
                0,
                16,
                1,
                1
            ],
            [
                0,
                0,
                0,
                5,
                13,
                1
            ],
            [
                0,
                0,
                0,
                0,
                0,
                19
            ]
        ]
    },
    "metal_nut": {
        "accuracy": 0.9035087719298246,
        "macro_f1": 0.9032343542981842,
        "micro_f1": 0.9035087719298246,
        "cohen_kappa": 0.8793418647166362,