{
    "candle": {
        "accuracy": 0.757396449704142,
        "macro_f1": 0.6605496130852297,
        "micro_f1": 0.757396449704142,
        "cohen_kappa": 0.6312203949119166,
        "confusion_matrix": [
            [
                79,
                1,
                8,
                3,
                9,
                0
            ],
            [
                1,
                9,
                0,
                2,
                0,
                1
            ],
            [
                0,
                0,
                15,
                0,
                0,
                0
            ],
            [
                5,
                2,
                0,
                11,
                1,
                0
            ],
            [
                1,
                2,
                0,
                0,
                3,
                4
            ],
            [
                0,
                0,
                0,
                1,
                0,
                11
            ]
        ]
    },
    "capsules": {
        "accuracy": 0.675,
        "macro_f1": 0.5690712255057788,
        "micro_f1": 0.675,
        "cohen_kappa": 0.5581518852894318,
        "confusion_matrix": [
            [
                10,
                0,
                0,
                1,
                4
            ],
            [
                0,
                56,
                0,
                0,
                4
            ],
            [
                4,
                7,
                15,
                0,
                4
            ],
            [
                5,
                4,
                1,
                3,
                2
            ],
            [
                7,
                2,
                5,
                2,
                24
            ]
        ]
    },
    "cashew": {
        "accuracy": 0.5042016806722689,
        "macro_f1": 0.29805303301543906,
        "micro_f1": 0.5042016806722689,
        "cohen_kappa": 0.3338709677419356,
        "confusion_matrix": [
            [
                9,
                3,
                0,
                0,
                0,
                1,
                0
            ],
            [
                3,
                45,
                0,
                0,
                0,
                2,
                0
            ],
            [
                1,
                8,
                2,
                0,
                0,
                0,
                0
            ],
            [
                2,
                3,
                6,
                2,
                0,
                1,
                1
            ],
            [
                0,
                1,
                1,
                0,
                0,
                15,
                3
            ],
            [
                0,
                0,
                0,
                0,
                0,
                0,
                0
            ],
            [
                0,
                4,
                2,
                1,
                0,
                1,
                2
            ]
        ]
    },
    "chewinggum": {
        "accuracy": 0.7522123893805309,
        "macro_f1": 0.6306026365348399,
        "micro_f1": 0.7522123893805309,
        "cohen_kappa": 0.632093023255814,
        "confusion_matrix": [
            [
                50,
                0,
                0,
                0,
                0
            ],
            [
                1,
                13,
                2,
                1,
                0
            ],
            [
                4,
                0,
                15,
                0,
                0
            ],
            [
                10,
                0,
                0,
                2,
                0
            ],
            [
                3,
                6,
                0,
                1,
                5
            ]
        ]
    },
    "fryum": {
        "accuracy": 0.7719298245614035,
        "macro_f1": 0.7186678442568355,
        "micro_f1": 0.7719298245614035,
        "cohen_kappa": 0.6720513387917681,
        "confusion_matrix": [
            [
                15,
                0,
                3,
                0
            ],
            [
                9,
                8,
                2,
                1
            ],
            [
                4,
                0,
                46,
                0
            ],
            [
                3,
                1,
                3,
                19
            ]
        ]
    },
    "macaroni1": {
        "accuracy": 0.6631578947368421,
        "macro_f1": 0.3424815222727936,
        "micro_f1": 0.6631578947368421,
        "cohen_kappa": 0.5077520948872607,
        "confusion_matrix": [
            [
                0,
                0,
                1,
                0,
                5,
                0,
                4,
                0
            ],
            [
                0,
                91,
                0,
                0,
                0,
                0,
                1,
                8
            ],
            [
                0,
                8,
                5,
                0,
                0,
                0,
                3,
                11
            ],
            [
                0,
                4,
                0,
                0,
                0,
                0,
                16,
                1
            ],
            [
                0,
                0,
                0,
                0,
                0,
                0,
                0,
                0
            ],
            [
                0,
                0,
                0,
                0,
                0,
                15,
                0,
                0
            ],
            [
                0,
                0,
                0,
                0,
                0,
                0,
                0,
                0
            ],
            [
                0,
                1,
                0,
                0,
                0,
                1,
                0,
                15
            ]
        ]
    },
    "macaroni2": {
        "accuracy": 0.6529411764705882,
        "macro_f1": 0.5741545893719807,
        "micro_f1": 0.6529411764705882,
        "cohen_kappa": 0.46942446043165464,
        "confusion_matrix": [
            [
                75,
                0,
                1,
                0,
                24
            ],
            [
                1,
                2,
                2,
                0,
                11
            ],
            [
                3,
                0,
                9,
                0,
                11
            ],
            [
                0,
                0,
                0,
                12,
                0
            ],
            [
                5,
                0,
                1,
                0,
                13
            ]
        ]
    },
    "pcb1": {
        "accuracy": 0.7539267015706806,
        "macro_f1": 0.6583343100703667,
        "micro_f1": 0.7539267015706806,
        "cohen_kappa": 0.6454581358609794,